{
    "teachers": [
      {
        "id": 1,
        "email": "prit3211@gmail.com",
        "teacherName": "Prit Patel",
        "programName": "A.N.M. Nursing",
        "courseName": "English, Maths"
      },
      {
        "id": 2,
        "email": "shyam354@gmail.com",
        "teacherName": "Shyam Shah",
        "programName": "A.N.M. Nursing",
        "courseName": "English, Chemistry"
      },
      {
        "id": 3,
        "email": "abcd354@gmail.com",
        "teacherName": "Abcd Shah",
        "programName": "A.B.C. Nursing",
        "courseName": "English, Physics"
      },
      {
        "id": 4,
        "email": "efgh354@gmail.com",
        "teacherName": "Efgh Shah",
        "programName": "A.B.C. Nursing",
        "courseName": "English, Social Science"
      },
      {
        "id": 5,
        "email": "ijkl354@gmail.com",
        "teacherName": "Ijkl Shah",
        "programName": "D.E.F. Nursing",
        "courseName": "English, Maths"
      },
      {
        "id": 6,
        "email": "john.doe@example.com",
        "teacherName": "John Doe",
        "programName": "G.H.I. Nursing",
        "courseName": "Biology, Chemistry"
      },
      {
        "id": 7,
        "email": "jane.smith@example.com",
        "teacherName": "Jane Smith",
        "programName": "J.K.L. Nursing",
        "courseName": "Physics, Chemistry"
      },
      {
        "id": 8,
        "email": "alex.jones@example.com",
        "teacherName": "Alex Jones",
        "programName": "M.N.O. Nursing",
        "courseName": "Mathematics, Physics"
      },
      {
        "id": 9,
        "email": "lisa.brown@example.com",
        "teacherName": "Lisa Brown",
        "programName": "P.Q.R. Nursing",
        "courseName": "Chemistry, Biology"
      },
      {
        "id": 10,
        "email": "mike.davis@example.com",
        "teacherName": "Mike Davis",
        "programName": "S.T.U. Nursing",
        "courseName": "Social Science, History"
      },
      {
        "id": 11,
        "email": "emma.wilson@example.com",
        "teacherName": "Emma Wilson",
        "programName": "V.W.X. Nursing",
        "courseName": "English, History"
      },
      {
        "id": 12,
        "email": "olivia.johnson@example.com",
        "teacherName": "Olivia Johnson",
        "programName": "Y.Z. Nursing",
        "courseName": "Mathematics, Chemistry"
      },
      {
        "id": 13,
        "email": "william.miller@example.com",
        "teacherName": "William Miller",
        "programName": "A1.B1. Nursing",
        "courseName": "Physics, Biology"
      },
      {
        "id": 14,
        "email": "sophia.moore@example.com",
        "teacherName": "Sophia Moore",
        "programName": "C1.D1. Nursing",
        "courseName": "English, Mathematics"
      },
      {
        "id": 15,
        "email": "james.taylor@example.com",
        "teacherName": "James Taylor",
        "programName": "E1.F1. Nursing",
        "courseName": "Social Science, History"
      },
      {
        "id": 16,
        "email": "isabella.thomas@example.com",
        "teacherName": "Isabella Thomas",
        "programName": "G1.H1. Nursing",
        "courseName": "Biology, Chemistry"
      },
      {
        "id": 17,
        "email": "liam.anderson@example.com",
        "teacherName": "Liam Anderson",
        "programName": "I1.J1. Nursing",
        "courseName": "Physics, Chemistry"
      },
      {
        "id": 18,
        "email": "ava.jackson@example.com",
        "teacherName": "Ava Jackson",
        "programName": "K1.L1. Nursing",
        "courseName": "Mathematics, Physics"
      },
      {
        "id": 19,
        "email": "noah.white@example.com",
        "teacherName": "Noah White",
        "programName": "M1.N1. Nursing",
        "courseName": "Chemistry, Biology"
      },
      {
        "id": 20,
        "email": "mia.harris@example.com",
        "teacherName": "Mia Harris",
        "programName": "O1.P1. Nursing",
        "courseName": "English, History"
      },
      {
        "id": 21,
        "email": "ethan.clark@example.com",
        "teacherName": "Ethan Clark",
        "programName": "Q1.R1. Nursing",
        "courseName": "Mathematics, Chemistry"
      },
      {
        "id": 22,
        "email": "amelia.lewis@example.com",
        "teacherName": "Amelia Lewis",
        "programName": "S1.T1. Nursing",
        "courseName": "Physics, Biology"
      },
      {
        "id": 23,
        "email": "logan.walker@example.com",
        "teacherName": "Logan Walker",
        "programName": "U1.V1. Nursing",
        "courseName": "English, Mathematics"
      },
      {
        "id": 24,
        "email": "charlotte.robinson@example.com",
        "teacherName": "Charlotte Robinson",
        "programName": "W1.X1. Nursing",
        "courseName": "Social Science, History"
      },
      {
        "id": 25,
        "email": "mason.hall@example.com",
        "teacherName": "Mason Hall",
        "programName": "Y1.Z1. Nursing",
        "courseName": "Biology, Chemistry"
      }
    ],


    "programs": [
      {
        "SrNo": 1,
        "Program Name": "A.N.M. Nursing",
        "Status": "Active",
        "Start Date": "12-Sep-2024",
        "End Date": "12-Sep-2024"
      },
      {
        "SrNo": 2,
        "Program Name": "A.N.M. Nursing",
        "Status": "Draft",
        "Start Date": "12-Sep-2024",
        "End Date": "12-Sep-2024"
      },
      {
        "SrNo": 1,
        "Program Name": "A.N.M. Nursing",
        "Status": "Active",
        "Start Date": "12-Sep-2024",
        "End Date": "12-Sep-2024"
      },
      {
        "SrNo": 2,
        "Program Name": "A.N.M. Nursing",
        "Status": "Inactive",
        "Start Date": "12-Sep-2024",
        "End Date": "12-Sep-2024"
      },
      {
        "SrNo": 1,
        "Program Name": "A.N.M. Nursing",
        "Status": "Active",
        "Start Date": "12-Sep-2024",
        "End Date": "12-Sep-2024"
      },
      {
        "SrNo": 2,
        "Program Name": "A.N.M. Nursing",
        "Status": "Draft",
        "Start Date": "12-Sep-2024",
        "End Date": "12-Sep-2024"
      },
      {
        "SrNo": 1,
        "Program Name": "A.N.M. Nursing",
        "Status": "Active",
        "Start Date": "12-Sep-2024",
        "End Date": "12-Sep-2024"
      },
      {
        "SrNo": 2,
        "Program Name": "A.N.M. Nursing",
        "Status": "Inactive",
        "Start Date": "12-Sep-2024",
        "End Date": "12-Sep-2024"
      },
      {
        "SrNo": 1,
        "Program Name": "A.N.M. Nursing",
        "Status": "Active",
        "Start Date": "12-Sep-2024",
        "End Date": "12-Sep-2024"
      },
      {
        "SrNo": 2,
        "Program Name": "A.N.M. Nursing",
        "Status": "Inactive",
        "Start Date": "12-Sep-2024",
        "End Date": "12-Sep-2024"
      },
      {
        "SrNo": 1,
        "Program Name": "A.N.M. Nursing",
        "Status": "Active",
        "Start Date": "12-Sep-2024",
        "End Date": "12-Sep-2024"
      },
      {
        "SrNo": 2,
        "Program Name": "A.N.M. Nursing",
        "Status": "Inactive",
        "Start Date": "12-Sep-2024",
        "End Date": "12-Sep-2024"
      },
      {
        "SrNo": 1,
        "Program Name": "A.N.M. Nursing",
        "Status": "Draft",
        "Start Date": "12-Sep-2024",
        "End Date": "12-Sep-2024"
      },
      {
        "SrNo": 2,
        "Program Name": "A.N.M. Nursing",
        "Status": "Inactive",
        "Start Date": "12-Sep-2024",
        "End Date": "12-Sep-2024"
      },
      {
        "SrNo": 1,
        "Program Name": "A.N.M. Nursing",
        "Status": "Active",
        "Start Date": "12-Sep-2024",
        "End Date": "12-Sep-2024"
      },
      {
        "SrNo": 2,
        "Program Name": "A.N.M. Nursing",
        "Status": "Inactive",
        "Start Date": "12-Sep-2024",
        "End Date": "12-Sep-2024"
      },
      {
        "SrNo": 1,
        "Program Name": "A.N.M. Nursing",
        "Status": "Active",
        "Start Date": "12-Sep-2024",
        "End Date": "12-Sep-2024"
      },
      {
        "SrNo": 2,
        "Program Name": "A.N.M. Nursing",
        "Status": "Draft",
        "Start Date": "12-Sep-2024",
        "End Date": "12-Sep-2024"
      },
      {
        "SrNo": 1,
        "Program Name": "A.N.M. Nursing",
        "Status": "Active",
        "Start Date": "12-Sep-2024",
        "End Date": "12-Sep-2024"
      },
      {
        "SrNo": 2,
        "Program Name": "A.N.M. Nursing",
        "Status": "Draft",
        "Start Date": "12-Sep-2024",
        "End Date": "12-Sep-2024"
      },
      {
        "SrNo": 1,
        "Program Name": "A.N.M. Nursing",
        "Status": "Active",
        "Start Date": "12-Sep-2024",
        "End Date": "12-Sep-2024"
      },
      {
        "SrNo": 2,
        "Program Name": "A.N.M. Nursing",
        "Status": "Inactive",
        "Start Date": "12-Sep-2024",
        "End Date": "12-Sep-2024"
      },
      {
        "SrNo": 1,
        "Program Name": "A.N.M. Nursing",
        "Status": "Active",
        "Start Date": "12-Sep-2024",
        "End Date": "12-Sep-2024"
      },
      {
        "SrNo": 2,
        "Program Name": "A.N.M. Nursing",
        "Status": "Inactive",
        "Start Date": "12-Sep-2024",
        "End Date": "12-Sep-2024"
      },
      {
        "SrNo": 3,
        "Program Name": "A.N.M. Nursing",
        "Status": "Active",
        "Start Date": "12-Sep-2024",
        "End Date": "12-Sep-2024"
      }
    ],

    "users":[
        {
            "srNo": 1,
            "fullName": "Prit Patel",
            "email": "prit321@gmail.com",
            "aadharNumber": "6574 8367 9826",
            "roles": "Super Admin"
          },
          {
            "srNo": 2,
            "fullName": "Shyam Sharma",
            "email": "shyam354@gmail.com",
            "aadharNumber": "3432 3234 0987",
            "roles": "Super Admin"
          },
          {
            "srNo": 3,
            "fullName": "Neha Vachhani",
            "email": "neha344@gmail.com",
            "aadharNumber": "7654 6444 8907",
            "roles": "Super Admin"
          },
          {
            "srNo": 4,
            "fullName": "Nikhil Shah",
            "email": "nikhil3223@gmail.com",
            "aadharNumber": "3785 4000 6897",
            "roles": "Admin"
          },
          {
            "srNo": 5,
            "fullName": "Nikunj Shah",
            "email": "nikunj321@gmail.com",
            "aadharNumber": "4324 2233 5678",
            "roles": "Admin"
          },
          {
            "srNo": 6,
            "fullName": "Dipti Kikani",
            "email": "dipti321@gmail.com",
            "aadharNumber": "1878 3523 8798",
            "roles": "Admin"
          },
          {
            "srNo": 7,
            "fullName": "Ekta Raiyani",
            "email": "ekta321@gmail.com",
            "aadharNumber": "9087 5473 7666",
            "roles": "Teacher"
          },
          {
            "srNo": 8,
            "fullName": "Neha Siroya",
            "email": "neha321@gmail.com",
            "aadharNumber": "6567 9076 5443",
            "roles": "Student"
          },
          {
            "srNo": 9,
            "fullName": "Janvi Patel",
            "email": "janvi123@gmail.com",
            "aadharNumber": "8056 6379 3400",
            "roles": "Student"
          },
          {
            "srNo": 10,
            "fullName": "Pooja Bakraniya",
            "email": "pooja112@gmail.com",
            "aadharNumber": "6574 8367 4344",
            "roles": "Student"
          },
          {
            "srNo": 11,
            "fullName": "Raj Mehta",
            "email": "raj123@gmail.com",
            "aadharNumber": "9000 1234 5678",
            "roles": "Super Admin"
          },
          {
            "srNo": 12,
            "fullName": "Harsh Joshi",
            "email": "harsh@gmail.com",
            "aadharNumber": "1122 3344 5566",
            "roles": "Admin"
          },
          {
            "srNo": 13,
            "fullName": "Ishita Patel",
            "email": "ishita@gmail.com",
            "aadharNumber": "2211 3344 5566",
            "roles": "Teacher"
          },
          {
            "srNo": 14,
            "fullName": "Kiran Parmar",
            "email": "kiranp@gmail.com",
            "aadharNumber": "3344 5566 7788",
            "roles": "Student"
          },
          {
            "srNo": 15,
            "fullName": "Manoj Desai",
            "email": "manoj@gmail.com",
            "aadharNumber": "4455 6677 8899",
            "roles": "Admin"
          },
          {
            "srNo": 16,
            "fullName": "Richa Shah",
            "email": "richa@gmail.com",
            "aadharNumber": "5566 7788 9900",
            "roles": "Super Admin"
          },
          {
            "srNo": 17,
            "fullName": "Urvashi Mehta",
            "email": "urvashi@gmail.com",
            "aadharNumber": "6677 8899 0011",
            "roles": "Teacher"
          },
          {
            "srNo": 18,
            "fullName": "Yash Patel",
            "email": "yashp@gmail.com",
            "aadharNumber": "7788 9900 1122",
            "roles": "Student"
          },
          {
            "srNo": 19,
            "fullName": "Zara Khan",
            "email": "zara@gmail.com",
            "aadharNumber": "8899 0011 2233",
            "roles": "Admin"
          },
          {
            "srNo": 20,
            "fullName": "Ravi Desai",
            "email": "ravidesai@gmail.com",
            "aadharNumber": "9900 1122 3344",
            "roles": "Super Admin"
          },
          {
            "srNo": 21,
            "fullName": "Amit Kumar",
            "email": "amitkumar@gmail.com",
            "aadharNumber": "2233 4455 6677",
            "roles": "Teacher"
          },
          {
            "srNo": 22,
            "fullName": "Bhavika Patel",
            "email": "bhavikapatel@gmail.com",
            "aadharNumber": "3344 5566 7788",
            "roles": "Admin"
          },
          {
            "srNo": 23,
            "fullName": "Chirag Shah",
            "email": "chiragshah@gmail.com",
            "aadharNumber": "4455 6677 8899",
            "roles": "Super Admin"
          },
          {
            "srNo": 24,
            "fullName": "Devanshi Mehta",
            "email": "devanshi@gmail.com",
            "aadharNumber": "5566 7788 9900",
            "roles": "Teacher"
          },
          {
            "srNo": 25,
            "fullName": "Esha Sharma",
            "email": "esha@gmail.com",
            "aadharNumber": "6677 8899 0011",
            "roles": "Student"
          },
          {
            "srNo": 26,
            "fullName": "Maya Kapoor",
            "email": "maya.kapoor@gmail.com",
            "aadharNumber": "7788 9900 2233",
            "roles": "Teacher"
          },
          {
            "srNo": 27,
            "fullName": "Rajeev Kumar",
            "email": "rajeeve.kumar@gmail.com",
            "aadharNumber": "8899 0011 3344",
            "roles": "Admin"
          },
          {
            "srNo": 28,
            "fullName": "Sonia Gupta",
            "email": "sonia.gupta@gmail.com",
            "aadharNumber": "9900 2233 4455",
            "roles": "Student"
          },
          {
            "srNo": 29,
            "fullName": "Kunal Desai",
            "email": "kunal.desai@gmail.com",
            "aadharNumber": "2233 4455 5566",
            "roles": "Super Admin"
          },
          {
            "srNo": 30,
            "fullName": "Sneha Patel",
            "email": "sneha.patel@gmail.com",
            "aadharNumber": "3344 5566 6677",
            "roles": "Teacher"
          },
          {
            "srNo": 31,
            "fullName": "Ravi Mehta",
            "email": "ravi.mehta@gmail.com",
            "aadharNumber": "4455 6677 7788",
            "roles": "Admin"
          },
          {
            "srNo": 32,
            "fullName": "Pooja Desai",
            "email": "pooja.desai@gmail.com",
            "aadharNumber": "5566 7788 8899",
            "roles": "Super Admin"
          },
          {
            "srNo": 33,
            "fullName": "Ankit Sharma",
            "email": "ankit.sharma@gmail.com",
            "aadharNumber": "6677 8899 9900",
            "roles": "Student"
          },
          {
            "srNo": 34,
            "fullName": "Gita Patel",
            "email": "gita.patel@gmail.com",
            "aadharNumber": "7788 9900 1122",
            "roles": "Teacher"
          },
          {
            "srNo": 35,
            "fullName": "Vikram Singh",
            "email": "vikram.singh@gmail.com",
            "aadharNumber": "8899 0011 2233",
            "roles": "Admin"
          },
          {
            "srNo": 36,
            "fullName": "Neha Patel",
            "email": "neha.patel@gmail.com",
            "aadharNumber": "9900 2233 3344",
            "roles": "Super Admin"
          },
          {
            "srNo": 37,
            "fullName": "Jitendra Sharma",
            "email": "jitendra.sharma@gmail.com",
            "aadharNumber": "2233 4455 5566",
            "roles": "Teacher"
          },
          {
            "srNo": 38,
            "fullName": "Priya Kapoor",
            "email": "priya.kapoor@gmail.com",
            "aadharNumber": "3344 5566 6677",
            "roles": "Student"
          },
          {
            "srNo": 39,
            "fullName": "Manish Patel",
            "email": "manish.patel@gmail.com",
            "aadharNumber": "4455 6677 7788",
            "roles": "Admin"
          },
          {
            "srNo": 40,
            "fullName": "Siddharth Singh",
            "email": "siddharth.singh@gmail.com",
            "aadharNumber": "5566 7788 8899",
            "roles": "Super Admin"
          },
          {
            "srNo": 41,
            "fullName": "Arun Sharma",
            "email": "arun.sharma@gmail.com",
            "aadharNumber": "6677 8899 9900",
            "roles": "Teacher"
          },
          {
            "srNo": 42,
            "fullName": "Seema Desai",
            "email": "seema.desai@gmail.com",
            "aadharNumber": "7788 9900 1122",
            "roles": "Student"
          },
          {
            "srNo": 43,
            "fullName": "Sunil Gupta",
            "email": "sunil.gupta@gmail.com",
            "aadharNumber": "8899 0011 2233",
            "roles": "Admin"
          },
          {
            "srNo": 44,
            "fullName": "Aarti Patel",
            "email": "aarti.patel@gmail.com",
            "aadharNumber": "9900 2233 3344",
            "roles": "Teacher"
          },
          {
            "srNo": 45,
            "fullName": "Rajeev Mehta",
            "email": "rajeeve.mehta@gmail.com",
            "aadharNumber": "2233 4455 5566",
            "roles": "Super Admin"
          },
          {
            "srNo": 46,
            "fullName": "Madhuri Sharma",
            "email": "madhuri.sharma@gmail.com",
            "aadharNumber": "3344 5566 6677",
            "roles": "Student"
          },
          {
            "srNo": 47,
            "fullName": "Ravi Kumar",
            "email": "ravi.kumar@gmail.com",
            "aadharNumber": "4455 6677 7788",
            "roles": "Teacher"
          },
          {
            "srNo": 48,
            "fullName": "Meera Singh",
            "email": "meera.singh@gmail.com",
            "aadharNumber": "5566 7788 8899",
            "roles": "Admin"
          },
          {
            "srNo": 49,
            "fullName": "Suresh Patel",
            "email": "suresh.patel@gmail.com",
            "aadharNumber": "6677 8899 9900",
            "roles": "Super Admin"
          },
          {
            "srNo": 50,
            "fullName": "Sangeeta Kumar",
            "email": "sangeeta.kumar@gmail.com",
            "aadharNumber": "7788 9900 2233",
            "roles": "Teacher"
          }
    ],

    "students": [
    {
      "srNo": 1,
      "email": "student1@example.com",
      "aadharNumber": "123456789012",
      "fullname": "John Doe",
      "programname": "Computer Science"
    },
    {
      "srNo": 2,
      "email": "student2@example.com",
      "aadharNumber": "123456789013",
      "fullname": "Jane Smith",
      "programname": "Mechanical Engineering"
    },
    {
      "srNo": 3,
      "email": "student3@example.com",
      "aadharNumber": "123456789014",
      "fullname": "Bob Johnson",
      "programname": "Electrical Engineering"
    },
    {
      "srNo": 4,
      "email": "student4@example.com",
      "aadharNumber": "123456789015",
      "fullname": "Alice Brown",
      "programname": "Civil Engineering"
    },
    {
      "srNo": 5,
      "email": "student5@example.com",
      "aadharNumber": "123456789016",
      "fullname": "Charlie Davis",
      "programname": "Chemical Engineering"
    },
    {
      "srNo": 6,
      "email": "student6@example.com",
      "aadharNumber": "123456789017",
      "fullname": "David Wilson",
      "programname": "Computer Science"
    },
    {
      "srNo": 7,
      "email": "student7@example.com",
      "aadharNumber": "123456789018",
      "fullname": "Emily Harris",
      "programname": "Mechanical Engineering"
    },
    {
      "srNo": 8,
      "email": "student8@example.com",
      "aadharNumber": "123456789019",
      "fullname": "Frank Thompson",
      "programname": "Electrical Engineering"
    },
    {
      "srNo": 9,
      "email": "student9@example.com",
      "aadharNumber": "123456789020",
      "fullname": "Grace Martinez",
      "programname": "Civil Engineering"
    },
    {
      "srNo": 10,
      "email": "student10@example.com",
      "aadharNumber": "123456789021",
      "fullname": "Henry Lee",
      "programname": "Chemical Engineering"
    },
    {
      "srNo": 11,
      "email": "student11@example.com",
      "aadharNumber": "123456789022",
      "fullname": "Ivy Walker",
      "programname": "Computer Science"
    },
    {
      "srNo": 12,
      "email": "student12@example.com",
      "aadharNumber": "123456789023",
      "fullname": "Jack Hall",
      "programname": "Mechanical Engineering"
    },
    {
      "srNo": 13,
      "email": "student13@example.com",
      "aadharNumber": "123456789024",
      "fullname": "Kathy Young",
      "programname": "Electrical Engineering"
    },
    {
      "srNo": 14,
      "email": "student14@example.com",
      "aadharNumber": "123456789025",
      "fullname": "Leo Allen",
      "programname": "Civil Engineering"
    },
    {
      "srNo": 15,
      "email": "student15@example.com",
      "aadharNumber": "123456789026",
      "fullname": "Megan King",
      "programname": "Chemical Engineering"
    },
    {
      "srNo": 16,
      "email": "student16@example.com",
      "aadharNumber": "123456789027",
      "fullname": "Nathan Wright",
      "programname": "Computer Science"
    },
    {
      "srNo": 17,
      "email": "student17@example.com",
      "aadharNumber": "123456789028",
      "fullname": "Olivia Scott",
      "programname": "Mechanical Engineering"
    },
    {
      "srNo": 18,
      "email": "student18@example.com",
      "aadharNumber": "123456789029",
      "fullname": "Paul Green",
      "programname": "Electrical Engineering"
    },
    {
      "srNo": 19,
      "email": "student19@example.com",
      "aadharNumber": "123456789030",
      "fullname": "Quinn Adams",
      "programname": "Civil Engineering"
    },
    {
      "srNo": 20,
      "email": "student20@example.com",
      "aadharNumber": "123456789031",
      "fullname": "Rachel Baker",
      "programname": "Chemical Engineering"
    },
    {
      "srNo": 21,
      "email": "student21@example.com",
      "aadharNumber": "123456789032",
      "fullname": "Sam Gonzalez",
      "programname": "Computer Science"
    },
    {
      "srNo": 22,
      "email": "student22@example.com",
      "aadharNumber": "123456789033",
      "fullname": "Tina Nelson",
      "programname": "Mechanical Engineering"
    },
    {
      "srNo": 23,
      "email": "student23@example.com",
      "aadharNumber": "123456789034",
      "fullname": "Uma Carter",
      "programname": "Electrical Engineering"
    },
    {
      "srNo": 24,
      "email": "student24@example.com",
      "aadharNumber": "123456789035",
      "fullname": "Victor Turner",
      "programname": "Civil Engineering"
    },
    {
      "srNo": 25,
      "email": "student25@example.com",
      "aadharNumber": "123456789036",
      "fullname": "Wendy Phillips",
      "programname": "Chemical Engineering"
    },
    {
      "srNo": 26,
      "email": "student26@example.com",
      "aadharNumber": "123456789037",
      "fullname": "Xander Collins",
      "programname": "Computer Science"
    },
    {
      "srNo": 27,
      "email": "student27@example.com",
      "aadharNumber": "123456789038",
      "fullname": "Yara Stewart",
      "programname": "Mechanical Engineering"
    },
    {
      "srNo": 28,
      "email": "student28@example.com",
      "aadharNumber": "123456789039",
      "fullname": "Zachary Reyes",
      "programname": "Electrical Engineering"
    },
    {
      "srNo": 29,
      "email": "student29@example.com",
      "aadharNumber": "123456789040",
      "fullname": "Ava Rivera",
      "programname": "Civil Engineering"
    },
    {
      "srNo": 30,
      "email": "student30@example.com",
      "aadharNumber": "123456789041",
      "fullname": "Ben Cooper",
      "programname": "Chemical Engineering"
    },
    {
      "srNo": 31,
      "email": "student31@example.com",
      "aadharNumber": "123456789042",
      "fullname": "Cara Morgan",
      "programname": "Computer Science"
    },
    {
      "srNo": 32,
      "email": "student32@example.com",
      "aadharNumber": "123456789043",
      "fullname": "Dylan Peterson",
      "programname": "Mechanical Engineering"
    },
    {
      "srNo": 33,
      "email": "student33@example.com",
      "aadharNumber": "123456789044",
      "fullname": "Eva Barnes",
      "programname": "Electrical Engineering"
    },
    {
      "srNo": 34,
      "email": "student34@example.com",
      "aadharNumber": "123456789045",
      "fullname": "Finn Howard",
      "programname": "Civil Engineering"
    },
    {
      "srNo": 35,
      "email": "student35@example.com",
      "aadharNumber": "123456789046",
      "fullname": "Gina Brooks",
      "programname": "Chemical Engineering"
    },
    {
      "srNo": 36,
      "email": "student36@example.com",
      "aadharNumber": "123456789047",
      "fullname": "Hank Ward",
      "programname": "Computer Science"
    },
    {
      "srNo": 37,
      "email": "student37@example.com",
      "aadharNumber": "123456789048",
      "fullname": "Isla Torres",
      "programname": "Mechanical Engineering"
    },
    {
      "srNo": 38,
      "email": "student38@example.com",
      "aadharNumber": "123456789049",
      "fullname": "Jake Campbell",
      "programname": "Electrical Engineering"
    },
    {
      "srNo": 39,
      "email": "student39@example.com",
      "aadharNumber": "123456789050",
      "fullname": "Karen Mitchell",
      "programname": "Civil Engineering"
    },
    {
      "srNo": 40,
      "email": "student40@example.com",
      "aadharNumber": "123456789051",
      "fullname": "Leo Baker",
      "programname": "Chemical Engineering"
    }
  ],
  "teacher": [
    {
      "id": 4,
      "srNo": 1,
      "programName": "xlms",
      "batchName": "Batch 25",
      "coTeacher": "shivansh"
    },
    {
      "id": 5,
      "srNo": 2,
      "programName": "edx",
      "batchName": "Batch 40",
      "coTeacher": "brijesh"
    },
    {
      "id": 6,
      "srNo": 3,
      "programName": "Python",
      "batchName": "Batch 13",
      "coTeacher": "meet"
    },
    {
      "id": 7,
      "srNo": 4,
      "programName": "aaft",
      "batchName": "Batch 6",
      "coTeacher": "vandan"
    },
    {
      "id": 8,
      "srNo": 5,
      "programName": "Python",
      "batchName": "Batch 19",
      "coTeacher": "brijesh"
    },
    {
      "id": 9,
      "srNo": 6,
      "programName": "edx",
      "batchName": "Batch 24",
      "coTeacher": "Dipti Chauhan"
    },
    {
      "id": 10,
      "srNo": 7,
      "programName": "aaft",
      "batchName": "Batch 16",
      "coTeacher": "Smit Rathod"
    },
    {
      "id": 11,
      "srNo": 8,
      "programName": "A.N.M Nursing",
      "batchName": "Batch 45",
      "coTeacher": "shivansh"
    },
    {
      "id": 12,
      "srNo": 9,
      "programName": "A.N.M Nursing",
      "batchName": "Batch 16",
      "coTeacher": "yash"
    },
    {
      "id": 13,
      "srNo": 10,
      "programName": "Python",
      "batchName": "Batch 6",
      "coTeacher": "vandan"
    },
    {
      "id": 14,
      "srNo": 11,
      "programName": "learniphi",
      "batchName": "Batch 20",
      "coTeacher": "vandan"
    },
    {
      "id": 15,
      "srNo": 12,
      "programName": "logicknots",
      "batchName": "Batch 40",
      "coTeacher": "Nikunj Patel"
    },
    {
      "id": 16,
      "srNo": 13,
      "programName": "logicknots",
      "batchName": "Batch 25",
      "coTeacher": "Dhyey"
    },
    {
      "id": 17,
      "srNo": 14,
      "programName": "learning everst",
      "batchName": "Batch 12",
      "coTeacher": "Shyam Sharma"
    },
    {
      "id": 18,
      "srNo": 15,
      "programName": "Figma",
      "batchName": "Batch 45",
      "coTeacher": "Priti Patel"
    },
    {
      "id": 19,
      "srNo": 16,
      "programName": "Python",
      "batchName": "Batch 42",
      "coTeacher": "yash"
    },
    {
      "id": 20,
      "srNo": 17,
      "programName": "paniit",
      "batchName": "Batch 13",
      "coTeacher": "kushal"
    },
    {
      "id": 21,
      "srNo": 18,
      "programName": "edx",
      "batchName": "Batch 21",
      "coTeacher": "shivansh"
    },
    {
      "id": 22,
      "srNo": 19,
      "programName": "learniphi",
      "batchName": "Batch 36",
      "coTeacher": "Shyam Sharma"
    },
    {
      "id": 23,
      "srNo": 20,
      "programName": "alkemy",
      "batchName": "Batch 35",
      "coTeacher": "shivansh"
    },
    {
      "id": 24,
      "srNo": 21,
      "programName": "kpit",
      "batchName": "Batch 49",
      "coTeacher": "Smit Rathod"
    },
    {
      "id": 25,
      "srNo": 22,
      "programName": "edx",
      "batchName": "Batch 50",
      "coTeacher": "shivansh"
    }
  ]
    
  }
  